randam, 100
random, 100
Numcity, 100
Numcity, 100
City Distance
99 ,13 ,24 ,23 ,14 ,23 ,24 ,7 ,6 ,9 ,6 ,21 ,23 ,7 ,12 ,5 ,11 ,14 ,7 ,16 ,City 1
13 ,99 ,23 ,6 ,7 ,23 ,7 ,21 ,11 ,22 ,11 ,9 ,22 ,10 ,23 ,11 ,24 ,15 ,6 ,12 ,City 2
24 ,23 ,99 ,14 ,18 ,23 ,24 ,5 ,8 ,8 ,17 ,12 ,11 ,21 ,12 ,22 ,20 ,15 ,14 ,18 ,City 3
23 ,6 ,14 ,99 ,12 ,10 ,7 ,7 ,6 ,14 ,25 ,24 ,15 ,11 ,20 ,8 ,20 ,6 ,25 ,11 ,City 4
14 ,7 ,18 ,12 ,99 ,16 ,8 ,20 ,9 ,19 ,20 ,13 ,10 ,21 ,12 ,23 ,5 ,19 ,12 ,9 ,City 5
23 ,23 ,23 ,10 ,16 ,99 ,6 ,19 ,19 ,15 ,14 ,6 ,7 ,5 ,18 ,24 ,24 ,11 ,21 ,10 ,City 6
24 ,7 ,24 ,7 ,8 ,6 ,99 ,19 ,24 ,16 ,8 ,12 ,15 ,14 ,10 ,13 ,9 ,22 ,5 ,9 ,City 7
7 ,21 ,5 ,7 ,20 ,19 ,19 ,99 ,19 ,19 ,18 ,16 ,17 ,22 ,25 ,23 ,16 ,22 ,13 ,10 ,City 8
6 ,11 ,8 ,6 ,9 ,19 ,24 ,19 ,99 ,11 ,17 ,10 ,12 ,15 ,5 ,19 ,18 ,24 ,6 ,21 ,City 9
9 ,22 ,8 ,14 ,19 ,15 ,16 ,19 ,11 ,99 ,14 ,14 ,12 ,18 ,7 ,12 ,13 ,19 ,8 ,19 ,City 10
6 ,11 ,17 ,25 ,20 ,14 ,8 ,18 ,17 ,14 ,99 ,7 ,16 ,7 ,13 ,20 ,24 ,6 ,17 ,22 ,City 11
21 ,9 ,12 ,24 ,13 ,6 ,12 ,16 ,10 ,14 ,7 ,99 ,7 ,10 ,25 ,24 ,7 ,12 ,15 ,20 ,City 12
23 ,22 ,11 ,15 ,10 ,7 ,15 ,17 ,12 ,12 ,16 ,7 ,99 ,9 ,17 ,15 ,11 ,10 ,11 ,21 ,City 13
7 ,10 ,21 ,11 ,21 ,5 ,14 ,22 ,15 ,18 ,7 ,10 ,9 ,99 ,18 ,23 ,16 ,10 ,5 ,20 ,City 14
12 ,23 ,12 ,20 ,12 ,18 ,10 ,25 ,5 ,7 ,13 ,25 ,17 ,18 ,99 ,22 ,16 ,10 ,22 ,19 ,City 15
5 ,11 ,22 ,8 ,23 ,24 ,13 ,23 ,19 ,12 ,20 ,24 ,15 ,23 ,22 ,99 ,22 ,11 ,16 ,22 ,City 16
11 ,24 ,20 ,20 ,5 ,24 ,9 ,16 ,18 ,13 ,24 ,7 ,11 ,16 ,16 ,22 ,99 ,15 ,11 ,25 ,City 17
14 ,15 ,15 ,6 ,19 ,11 ,22 ,22 ,24 ,19 ,6 ,12 ,10 ,10 ,10 ,11 ,15 ,99 ,22 ,11 ,City 18
7 ,6 ,14 ,25 ,12 ,21 ,5 ,13 ,6 ,8 ,17 ,15 ,11 ,5 ,22 ,16 ,11 ,22 ,99 ,9 ,City 19
16 ,12 ,18 ,11 ,9 ,10 ,9 ,10 ,21 ,19 ,22 ,20 ,21 ,20 ,19 ,22 ,25 ,11 ,9 ,99 ,City 20
Root
 1,  2,  4,  9, 15, 10,  3,  8, 20,  5, 17, 12,  6, 14, 19,  7, 11, 18, 13, 16,  1
Total,   146

Root
 1,  3,  8,  4,  2, 19,  7,  6, 14, 11, 18, 13, 12, 17,  5,  9, 15, 10, 16, 20,  1
Total,   177

Root
 1,  4,  2, 19,  7,  6, 14, 11, 18, 13, 12, 17,  5,  9, 15, 10,  3,  8, 20, 16,  1
Total,   164

Root
 1,  5, 17, 12,  6, 14, 19,  7,  2,  4,  9, 15, 10,  3,  8, 20, 18, 11, 13, 16,  1
Total,   154

Root
 1,  6, 14, 19,  7,  2,  4,  9, 15, 10,  3,  8, 20,  5, 17, 12, 11, 18, 13, 16,  1
Total,   156

Root
 1,  7, 19, 14,  6, 12, 11, 18,  4,  2,  5, 17, 13,  3,  8, 20, 10, 15,  9, 16,  1
Total,   174

Root
 1,  8,  3,  9, 15, 10, 19,  7,  6, 14, 11, 18,  4,  2,  5, 17, 12, 13, 16, 20,  1
Total,   160

Root
 1,  9, 15, 10,  3,  8,  4,  2, 19,  7,  6, 14, 11, 18, 13, 12, 17,  5, 20, 16,  1
Total,   144

Root
 1, 10, 15,  9,  4,  2, 19,  7,  6, 14, 11, 18, 13, 12, 17,  5, 20,  8,  3, 16,  1
Total,   148

Root
 1, 11, 18,  4,  2, 19,  7,  6, 14, 13, 12, 17,  5,  9, 15, 10,  3,  8, 20, 16,  1
Total,   145

Root
 1, 12,  6, 14, 19,  7,  2,  4,  9, 15, 10,  3,  8, 20,  5, 17, 13, 18, 11, 16,  1
Total,   162

Root
 1, 13,  6, 14, 19,  7,  2,  4,  9, 15, 10,  3,  8, 20,  5, 17, 12, 11, 18, 16,  1
Total,   149

Root
 1, 14,  6,  7, 19,  2,  4,  9, 15, 10,  3,  8, 20,  5, 17, 12, 11, 18, 13, 16,  1
Total,   140

Root
 1, 15,  9,  4,  2, 19,  7,  6, 14, 11, 18, 13, 12, 17,  5, 20,  8,  3, 10, 16,  1
Total,   142

Root
 1, 16,  4,  2, 19,  7,  6, 14, 11, 18, 13, 12, 17,  5,  9, 15, 10,  3,  8, 20,  1
Total,   143

Root
 1, 17,  5,  2,  4,  9, 15, 10,  3,  8, 20,  7, 19, 14,  6, 12, 11, 18, 13, 16,  1
Total,   143

Root
 1, 18,  4,  2, 19,  7,  6, 14, 11, 12, 13,  5, 17, 10, 15,  9,  3,  8, 20, 16,  1
Total,   159

Root
 1, 19,  7,  6, 14, 11, 18,  4,  2,  5, 17, 12, 13,  3,  8, 20, 10, 15,  9, 16,  1
Total,   155

Root
 1, 20,  5, 17, 12,  6, 14, 19,  7,  2,  4,  9, 15, 10,  3,  8, 13, 18, 11, 16,  1
Total,   160

Shortest path
 1, 14,  6,  7, 19,  2,  4,  9, 15, 10,  3,  8, 20,  5, 17, 12, 11, 18, 13, 16,  1
Total,   140

Time,    0.035

randam, 101
random, 101
Numcity, 101
Numcity, 101
City Distance
99 ,16 ,20 ,16 ,24 ,19 ,24 ,12 ,5 ,7 ,19 ,21 ,25 ,25 ,24 ,14 ,24 ,15 ,15 ,19 ,City 1
16 ,99 ,6 ,19 ,11 ,23 ,7 ,8 ,16 ,7 ,22 ,19 ,16 ,8 ,5 ,19 ,18 ,13 ,5 ,23 ,City 2
20 ,6 ,99 ,24 ,20 ,20 ,13 ,24 ,21 ,23 ,16 ,18 ,21 ,23 ,22 ,9 ,18 ,19 ,19 ,13 ,City 3
16 ,19 ,24 ,99 ,8 ,23 ,13 ,11 ,16 ,15 ,12 ,11 ,23 ,16 ,21 ,9 ,19 ,21 ,13 ,8 ,City 4
24 ,11 ,20 ,8 ,99 ,9 ,8 ,13 ,17 ,16 ,16 ,8 ,19 ,16 ,13 ,18 ,18 ,12 ,11 ,16 ,City 5
19 ,23 ,20 ,23 ,9 ,99 ,16 ,18 ,12 ,24 ,6 ,7 ,7 ,14 ,19 ,20 ,20 ,7 ,23 ,10 ,City 6
24 ,7 ,13 ,13 ,8 ,16 ,99 ,13 ,9 ,8 ,13 ,8 ,23 ,9 ,6 ,12 ,15 ,12 ,21 ,18 ,City 7
12 ,8 ,24 ,11 ,13 ,18 ,13 ,99 ,18 ,19 ,16 ,20 ,9 ,7 ,10 ,24 ,10 ,24 ,7 ,23 ,City 8
5 ,16 ,21 ,16 ,17 ,12 ,9 ,18 ,99 ,12 ,6 ,20 ,9 ,12 ,9 ,15 ,9 ,21 ,13 ,25 ,City 9
7 ,7 ,23 ,15 ,16 ,24 ,8 ,19 ,12 ,99 ,10 ,11 ,16 ,16 ,21 ,7 ,22 ,9 ,24 ,19 ,City 10
19 ,22 ,16 ,12 ,16 ,6 ,13 ,16 ,6 ,10 ,99 ,16 ,8 ,9 ,17 ,22 ,12 ,19 ,23 ,25 ,City 11
21 ,19 ,18 ,11 ,8 ,7 ,8 ,20 ,20 ,11 ,16 ,99 ,18 ,5 ,15 ,9 ,25 ,10 ,13 ,9 ,City 12
25 ,16 ,21 ,23 ,19 ,7 ,23 ,9 ,9 ,16 ,8 ,18 ,99 ,9 ,22 ,14 ,22 ,23 ,17 ,12 ,City 13
25 ,8 ,23 ,16 ,16 ,14 ,9 ,7 ,12 ,16 ,9 ,5 ,9 ,99 ,14 ,24 ,20 ,15 ,7 ,7 ,City 14
24 ,5 ,22 ,21 ,13 ,19 ,6 ,10 ,9 ,21 ,17 ,15 ,22 ,14 ,99 ,14 ,18 ,22 ,23 ,14 ,City 15
14 ,19 ,9 ,9 ,18 ,20 ,12 ,24 ,15 ,7 ,22 ,9 ,14 ,24 ,14 ,99 ,16 ,11 ,14 ,9 ,City 16
24 ,18 ,18 ,19 ,18 ,20 ,15 ,10 ,9 ,22 ,12 ,25 ,22 ,20 ,18 ,16 ,99 ,19 ,19 ,8 ,City 17
15 ,13 ,19 ,21 ,12 ,7 ,12 ,24 ,21 ,9 ,19 ,10 ,23 ,15 ,22 ,11 ,19 ,99 ,5 ,18 ,City 18
15 ,5 ,19 ,13 ,11 ,23 ,21 ,7 ,13 ,24 ,23 ,13 ,17 ,7 ,23 ,14 ,19 ,5 ,99 ,9 ,City 19
19 ,23 ,13 ,8 ,16 ,10 ,18 ,23 ,25 ,19 ,25 ,9 ,12 ,7 ,14 ,9 ,8 ,18 ,9 ,99 ,City 20
Root
 1,  2, 15,  7,  5,  4, 20, 14, 12,  6, 11,  9, 13,  8, 19, 18, 10, 16,  3, 17,  1
Total,   179

Root
 1,  3,  2, 15,  7,  5,  4, 20, 14, 12,  6, 11,  9, 13,  8, 19, 18, 10, 16, 17,  1
Total,   178

Root
 1,  4,  5,  7, 15,  2, 19, 18,  6, 11,  9, 13,  8, 14, 12, 16, 10, 20, 17,  3,  1
Total,   183

Root
 1,  5,  4, 20, 14, 12,  6, 11,  9,  7, 15,  2, 19, 18, 10, 16,  3, 17,  8, 13,  1
Total,   188

Root
 1,  6, 11,  9,  7, 15,  2, 19, 18, 10, 16,  3, 20, 14, 12,  5,  4,  8, 13, 17,  1
Total,   193

Root
 1,  7, 15,  2, 19, 18,  6, 11,  9, 13,  8, 14, 12,  5,  4, 20, 17, 16, 10,  3,  1
Total,   192

Root
 1,  8, 14, 12,  6, 11,  9,  7, 15,  2, 19, 18, 10, 16,  3, 20,  4,  5, 17, 13,  1
Total,   192

Root
 1,  9, 11,  6, 12, 14,  8, 19,  2, 15,  7,  5,  4, 20, 17, 16, 10, 18,  3, 13,  1
Total,   188

Root
 1, 10,  2, 15,  7,  5,  4, 20, 14, 12,  6, 11,  9, 13,  8, 19, 18, 16,  3, 17,  1
Total,   172

Root
 1, 11,  6, 12, 14,  8, 19,  2, 15,  7,  5,  4, 20, 17,  9, 13, 16, 10, 18,  3,  1
Total,   186

Root
 1, 12, 14,  8, 19,  2, 15,  7,  5,  4, 20, 17,  9, 11,  6, 13, 16, 10, 18,  3,  1
Total,   185

Root
 1, 13,  6, 11,  9,  7, 15,  2, 19, 18, 10, 16,  3, 20, 14, 12,  5,  4,  8, 17,  1
Total,   185

Root
 1, 14, 12,  6, 11,  9,  7, 15,  2, 19, 18, 10, 16,  3, 20,  4,  5,  8, 13, 17,  1
Total,   201

Root
 1, 15,  2, 19, 18,  6, 11,  9,  7,  5,  4, 20, 14, 12, 16, 10, 13,  8, 17,  3,  1
Total,   192

Root
 1, 16, 10,  2, 15,  7,  5,  4, 20, 14, 12,  6, 11,  9, 13,  8, 19, 18,  3, 17,  1
Total,   185

Root
 1, 17, 20, 14, 12,  6, 11,  9,  7, 15,  2, 19, 18, 10, 16,  3,  5,  4,  8, 13,  1
Total,   191

Root
 1, 18, 19,  2, 15,  7,  5,  4, 20, 14, 12,  6, 11,  9, 13,  8, 17, 16, 10,  3,  1
Total,   185

Root
 1, 19,  2, 15,  7,  5,  4, 20, 14, 12,  6, 11,  9, 13,  8, 17, 16, 10, 18,  3,  1
Total,   185

Root
 1, 20, 14, 12,  6, 11,  9,  7, 15,  2, 19, 18, 10, 16,  3, 17,  8, 13,  5,  4,  1
Total,   185

Shortest path
 1, 10,  2, 15,  7,  5,  4, 20, 14, 12,  6, 11,  9, 13,  8, 19, 18, 16,  3, 17,  1
Total,   172

Time,    0.037

randam, 102
random, 102
Numcity, 102
Numcity, 102
City Distance
99 ,19 ,17 ,22 ,22 ,22 ,23 ,16 ,18 ,12 ,24 ,20 ,6 ,9 ,22 ,9 ,8 ,8 ,16 ,23 ,City 1
19 ,99 ,24 ,23 ,7 ,15 ,8 ,8 ,7 ,14 ,5 ,16 ,23 ,6 ,16 ,19 ,5 ,19 ,25 ,21 ,City 2
17 ,24 ,99 ,14 ,21 ,9 ,24 ,10 ,13 ,9 ,24 ,16 ,11 ,17 ,25 ,25 ,15 ,23 ,12 ,21 ,City 3
22 ,23 ,14 ,99 ,25 ,15 ,20 ,14 ,6 ,9 ,20 ,6 ,10 ,20 ,14 ,18 ,10 ,16 ,8 ,5 ,City 4
22 ,7 ,21 ,25 ,99 ,23 ,15 ,19 ,18 ,13 ,12 ,16 ,6 ,19 ,5 ,13 ,18 ,13 ,10 ,10 ,City 5
22 ,15 ,9 ,15 ,23 ,99 ,6 ,18 ,6 ,25 ,11 ,9 ,20 ,10 ,19 ,7 ,8 ,16 ,17 ,11 ,City 6
23 ,8 ,24 ,20 ,15 ,6 ,99 ,7 ,24 ,21 ,10 ,24 ,10 ,12 ,23 ,24 ,8 ,22 ,16 ,18 ,City 7
16 ,8 ,10 ,14 ,19 ,18 ,7 ,99 ,25 ,10 ,6 ,17 ,22 ,14 ,8 ,18 ,25 ,13 ,23 ,15 ,City 8
18 ,7 ,13 ,6 ,18 ,6 ,24 ,25 ,99 ,5 ,24 ,23 ,18 ,22 ,25 ,25 ,21 ,17 ,21 ,16 ,City 9
12 ,14 ,9 ,9 ,13 ,25 ,21 ,10 ,5 ,99 ,7 ,7 ,19 ,21 ,14 ,22 ,10 ,20 ,12 ,19 ,City 10
24 ,5 ,24 ,20 ,12 ,11 ,10 ,6 ,24 ,7 ,99 ,17 ,8 ,24 ,8 ,23 ,13 ,18 ,20 ,8 ,City 11
20 ,16 ,16 ,6 ,16 ,9 ,24 ,17 ,23 ,7 ,17 ,99 ,7 ,8 ,13 ,14 ,23 ,9 ,10 ,7 ,City 12
6 ,23 ,11 ,10 ,6 ,20 ,10 ,22 ,18 ,19 ,8 ,7 ,99 ,9 ,6 ,21 ,24 ,23 ,14 ,23 ,City 13
9 ,6 ,17 ,20 ,19 ,10 ,12 ,14 ,22 ,21 ,24 ,8 ,9 ,99 ,18 ,25 ,24 ,6 ,8 ,14 ,City 14
22 ,16 ,25 ,14 ,5 ,19 ,23 ,8 ,25 ,14 ,8 ,13 ,6 ,18 ,99 ,19 ,12 ,13 ,11 ,22 ,City 15
9 ,19 ,25 ,18 ,13 ,7 ,24 ,18 ,25 ,22 ,23 ,14 ,21 ,25 ,19 ,99 ,10 ,20 ,20 ,24 ,City 16
8 ,5 ,15 ,10 ,18 ,8 ,8 ,25 ,21 ,10 ,13 ,23 ,24 ,24 ,12 ,10 ,99 ,23 ,14 ,13 ,City 17
8 ,19 ,23 ,16 ,13 ,16 ,22 ,13 ,17 ,20 ,18 ,9 ,23 ,6 ,13 ,20 ,23 ,99 ,9 ,12 ,City 18
16 ,25 ,12 ,8 ,10 ,17 ,16 ,23 ,21 ,12 ,20 ,10 ,14 ,8 ,11 ,20 ,14 ,9 ,99 ,9 ,City 19
23 ,21 ,21 ,5 ,10 ,11 ,18 ,15 ,16 ,19 ,8 ,7 ,23 ,14 ,22 ,24 ,13 ,12 ,9 ,99 ,City 20
Root
 1,  2, 11,  8,  7,  6,  9, 10, 12,  4, 20, 19, 14, 18,  5, 15, 13,  3, 17, 16,  1
Total,   164

Root
 1,  3,  6,  7,  8, 11,  2, 17,  4, 20, 12, 10,  9, 18, 14, 19,  5, 15, 13, 16,  1
Total,   171

Root
 1,  4, 20, 12, 10,  9,  6,  7,  8, 11,  2, 17, 16,  5, 15, 13, 14, 18, 19,  3,  1
Total,   168

Root
 1,  5, 15, 13, 12,  4, 20, 11,  2, 17,  6,  7,  8,  3, 10,  9, 18, 14, 19, 16,  1
Total,   174

Root
 1,  6,  7,  8, 11,  2, 17,  4, 20, 12, 10,  9,  3, 13,  5, 15, 19, 14, 18, 16,  1
Total,   174

Root
 1,  7,  6,  9, 10, 11,  2, 17,  4, 20, 12, 13,  5, 15,  8,  3, 19, 14, 18, 16,  1
Total,   170

Root
 1,  8, 11,  2, 17,  6,  7, 13,  5, 15, 19,  4, 20, 12, 10,  9,  3, 14, 18, 16,  1
Total,   175

Root
 1,  9, 10, 11,  2, 17,  6,  7,  8, 15,  5, 13, 12,  4, 20, 19, 14, 18, 16,  3,  1
Total,   183

Root
 1, 10,  9,  4, 20, 12, 13,  5, 15,  8, 11,  2, 17,  6,  7, 14, 18, 19,  3, 16,  1
Total,   164

Root
 1, 11,  2, 17,  6,  7,  8, 15,  5, 13, 12,  4, 20, 19, 14, 18,  9, 10,  3, 16,  1
Total,   180

Root
 1, 12,  4, 20, 11,  2, 17,  6,  7,  8, 15,  5, 13, 14, 18, 19,  3, 10,  9, 16,  1
Total,   173

Root
 1, 13,  5, 15,  8, 11,  2, 17,  6,  7, 14, 18, 12,  4, 20, 19,  3, 10,  9, 16,  1
Total,   162

Root
 1, 14,  2, 11,  8,  7,  6,  9, 10, 12,  4, 20, 19, 18,  5, 15, 13,  3, 17, 16,  1
Total,   155

Root
 1, 15,  5, 13, 12,  4, 20, 11,  2, 17,  6,  7,  8,  3, 10,  9, 18, 14, 19, 16,  1
Total,   174

Root
 1, 16,  6,  7,  8, 11,  2, 17,  4, 20, 12, 10,  9,  3, 13,  5, 15, 19, 14, 18,  1
Total,   147

Root
 1, 17,  2, 11,  8,  7,  6,  9, 10, 12,  4, 20, 19, 14, 18,  5, 15, 13,  3, 16,  1
Total,   158

Root
 1, 18, 14,  2, 11,  8,  7,  6,  9, 10, 12,  4, 20, 19,  5, 15, 13,  3, 17, 16,  1
Total,   148

Root
 1, 19,  4, 20, 12, 10,  9,  6,  7,  8, 11,  2, 17, 16,  5, 15, 13, 14, 18,  3,  1
Total,   172

Root
 1, 20,  4,  9, 10, 11,  2, 17,  6,  7,  8, 15,  5, 13, 12, 14, 18, 19,  3, 16,  1
Total,   172

Shortest path
 1, 16,  6,  7,  8, 11,  2, 17,  4, 20, 12, 10,  9,  3, 13,  5, 15, 19, 14, 18,  1
Total,   147

Time,    0.041

randam, 103
random, 103
Numcity, 103
Numcity, 103
City Distance
99 ,22 ,5 ,16 ,11 ,5 ,23 ,13 ,10 ,10 ,8 ,19 ,8 ,6 ,12 ,17 ,21 ,22 ,24 ,6 ,City 1
22 ,99 ,21 ,15 ,10 ,14 ,9 ,16 ,20 ,7 ,17 ,13 ,9 ,25 ,18 ,6 ,12 ,17 ,23 ,19 ,City 2
5 ,21 ,99 ,16 ,22 ,6 ,14 ,9 ,25 ,24 ,23 ,21 ,21 ,19 ,6 ,12 ,20 ,7 ,17 ,15 ,City 3
16 ,15 ,16 ,99 ,21 ,7 ,6 ,18 ,17 ,11 ,15 ,13 ,25 ,25 ,15 ,19 ,10 ,23 ,16 ,23 ,City 4
11 ,10 ,22 ,21 ,99 ,8 ,23 ,12 ,19 ,23 ,8 ,11 ,15 ,14 ,18 ,8 ,18 ,14 ,8 ,18 ,City 5
5 ,14 ,6 ,7 ,8 ,99 ,8 ,17 ,13 ,12 ,24 ,10 ,20 ,7 ,20 ,23 ,25 ,13 ,12 ,12 ,City 6
23 ,9 ,14 ,6 ,23 ,8 ,99 ,14 ,18 ,21 ,14 ,20 ,17 ,7 ,19 ,23 ,14 ,12 ,12 ,6 ,City 7
13 ,16 ,9 ,18 ,12 ,17 ,14 ,99 ,24 ,23 ,25 ,21 ,13 ,7 ,6 ,19 ,19 ,24 ,25 ,8 ,City 8
10 ,20 ,25 ,17 ,19 ,13 ,18 ,24 ,99 ,6 ,13 ,5 ,15 ,18 ,8 ,21 ,12 ,22 ,20 ,7 ,City 9
10 ,7 ,24 ,11 ,23 ,12 ,21 ,23 ,6 ,99 ,24 ,12 ,15 ,19 ,7 ,16 ,6 ,10 ,7 ,6 ,City 10
8 ,17 ,23 ,15 ,8 ,24 ,14 ,25 ,13 ,24 ,99 ,18 ,9 ,25 ,21 ,25 ,14 ,18 ,25 ,25 ,City 11
19 ,13 ,21 ,13 ,11 ,10 ,20 ,21 ,5 ,12 ,18 ,99 ,18 ,24 ,24 ,6 ,12 ,7 ,21 ,25 ,City 12
8 ,9 ,21 ,25 ,15 ,20 ,17 ,13 ,15 ,15 ,9 ,18 ,99 ,10 ,19 ,20 ,14 ,15 ,20 ,14 ,City 13
6 ,25 ,19 ,25 ,14 ,7 ,7 ,7 ,18 ,19 ,25 ,24 ,10 ,99 ,23 ,19 ,7 ,11 ,10 ,22 ,City 14
12 ,18 ,6 ,15 ,18 ,20 ,19 ,6 ,8 ,7 ,21 ,24 ,19 ,23 ,99 ,24 ,7 ,24 ,12 ,18 ,City 15
17 ,6 ,12 ,19 ,8 ,23 ,23 ,19 ,21 ,16 ,25 ,6 ,20 ,19 ,24 ,99 ,25 ,20 ,19 ,10 ,City 16
21 ,12 ,20 ,10 ,18 ,25 ,14 ,19 ,12 ,6 ,14 ,12 ,14 ,7 ,7 ,25 ,99 ,6 ,21 ,10 ,City 17
22 ,17 ,7 ,23 ,14 ,13 ,12 ,24 ,22 ,10 ,18 ,7 ,15 ,11 ,24 ,20 ,6 ,99 ,5 ,19 ,City 18
24 ,23 ,17 ,16 ,8 ,12 ,12 ,25 ,20 ,7 ,25 ,21 ,20 ,10 ,12 ,19 ,21 ,5 ,99 ,9 ,City 19
6 ,19 ,15 ,23 ,18 ,12 ,6 ,8 ,7 ,6 ,25 ,25 ,14 ,22 ,18 ,10 ,10 ,19 ,9 ,99 ,City 20
Root
 1,  2, 16, 12,  9, 10, 17, 18, 19,  5,  6,  3, 15,  8, 14,  7,  4, 11, 13, 20,  1
Total,   160

Root
 1,  3,  6,  4,  7, 20, 10,  9, 12, 16,  2, 13, 11,  5, 19, 18, 17, 14,  8, 15,  1
Total,   136

Root
 1,  4,  7, 20, 10,  9, 12, 16,  2, 13, 11,  5,  6,  3, 15,  8, 14, 17, 18, 19,  1
Total,   158

Root
 1,  5,  6,  3, 15,  8, 14,  7,  4, 17, 10,  9, 12, 16,  2, 13, 11, 18, 19, 20,  1
Total,   152

Root
 1,  6,  3, 15,  8, 14,  7,  4, 17, 10,  9, 12, 16,  2, 13, 11,  5, 19, 18, 20,  1
Total,   146

Root
 1,  7,  4,  6,  3, 15,  8, 14, 17, 10,  9, 12, 16,  2, 13, 11,  5, 19, 18, 20,  1
Total,   161

Root
 1,  8, 15,  3,  6,  4,  7, 20, 10,  9, 12, 16,  2, 13, 11,  5, 19, 18, 17, 14,  1
Total,   137

Root
 1,  9, 12, 16,  2, 10, 17, 18, 19,  5,  6,  3, 15,  8, 14,  7,  4, 11, 13, 20,  1
Total,   149

Root
 1, 10,  9, 12, 16,  2,  7,  4,  6,  3, 15,  8, 14, 17, 18, 19,  5, 11, 13, 20,  1
Total,   143

Root
 1, 11,  5,  6,  3, 15,  8, 14,  7,  4, 17, 10,  9, 12, 16,  2, 13, 20, 19, 18,  1
Total,   160

Root
 1, 12,  9, 10, 17, 18, 19,  5,  6,  3, 15,  8, 14,  7,  4,  2, 16, 20, 13, 11,  1
Total,   163

Root
 1, 13,  2, 16, 12,  9, 10, 17, 18, 19,  5,  6,  3, 15,  8, 14,  7,  4, 11, 20,  1
Total,   157

Root
 1, 14,  6,  3, 15,  8, 20,  7,  4, 17, 10,  9, 12, 16,  2, 13, 11,  5, 19, 18,  1
Total,   151

Root
 1, 15,  3,  6,  4,  7, 20, 10,  9, 12, 16,  2, 13, 11,  5, 19, 18, 17, 14,  8,  1
Total,   144

Root
 1, 16,  2, 10,  9, 12, 18, 19,  5,  6,  3, 15,  8, 14,  7,  4, 17, 20, 13, 11,  1
Total,   158

Root
 1, 17, 10,  9, 12, 16,  2,  7,  4,  6,  3, 15,  8, 14, 13, 11,  5, 19, 18, 20,  1
Total,   162

Root
 1, 18, 19, 10,  9, 12, 16,  2,  7,  4,  6,  3, 15,  8, 14, 17, 20, 13, 11,  5,  1
Total,   163

Root
 1, 19, 18, 17, 10,  9, 12, 16,  2,  7,  4,  6,  3, 15,  8, 14, 13, 11,  5, 20,  1
Total,   162

Root
 1, 20,  7,  4,  6,  3, 15,  8, 14, 17, 10,  9, 12, 16,  2, 13, 11,  5, 19, 18,  1
Total,   147

Shortest path
 1,  3,  6,  4,  7, 20, 10,  9, 12, 16,  2, 13, 11,  5, 19, 18, 17, 14,  8, 15,  1
Total,   136

Time,    0.036

randam, 104
random, 104
Numcity, 104
Numcity, 104
City Distance
99 ,5 ,22 ,22 ,21 ,22 ,23 ,17 ,23 ,15 ,13 ,18 ,10 ,23 ,11 ,25 ,5 ,15 ,24 ,9 ,City 1
5 ,99 ,17 ,6 ,6 ,6 ,22 ,24 ,25 ,14 ,21 ,23 ,24 ,23 ,21 ,6 ,19 ,23 ,22 ,16 ,City 2
22 ,17 ,99 ,5 ,23 ,24 ,24 ,15 ,17 ,10 ,9 ,19 ,11 ,21 ,16 ,20 ,17 ,11 ,22 ,23 ,City 3
22 ,6 ,5 ,99 ,25 ,20 ,20 ,22 ,7 ,12 ,23 ,21 ,12 ,9 ,16 ,20 ,22 ,17 ,11 ,20 ,City 4
21 ,6 ,23 ,25 ,99 ,22 ,23 ,5 ,6 ,19 ,25 ,6 ,24 ,9 ,18 ,24 ,11 ,7 ,7 ,12 ,City 5
22 ,6 ,24 ,20 ,22 ,99 ,19 ,16 ,7 ,21 ,7 ,12 ,19 ,24 ,20 ,18 ,21 ,22 ,6 ,12 ,City 6
23 ,22 ,24 ,20 ,23 ,19 ,99 ,8 ,25 ,13 ,19 ,15 ,25 ,9 ,15 ,23 ,8 ,23 ,7 ,6 ,City 7
17 ,24 ,15 ,22 ,5 ,16 ,8 ,99 ,23 ,14 ,23 ,18 ,5 ,14 ,12 ,21 ,5 ,13 ,19 ,8 ,City 8
23 ,25 ,17 ,7 ,6 ,7 ,25 ,23 ,99 ,7 ,23 ,8 ,24 ,15 ,12 ,9 ,23 ,19 ,6 ,12 ,City 9
15 ,14 ,10 ,12 ,19 ,21 ,13 ,14 ,7 ,99 ,21 ,8 ,18 ,24 ,21 ,11 ,15 ,21 ,23 ,7 ,City 10
13 ,21 ,9 ,23 ,25 ,7 ,19 ,23 ,23 ,21 ,99 ,19 ,9 ,6 ,25 ,6 ,15 ,18 ,22 ,8 ,City 11
18 ,23 ,19 ,21 ,6 ,12 ,15 ,18 ,8 ,8 ,19 ,99 ,7 ,6 ,22 ,11 ,9 ,5 ,19 ,14 ,City 12
10 ,24 ,11 ,12 ,24 ,19 ,25 ,5 ,24 ,18 ,9 ,7 ,99 ,10 ,24 ,6 ,16 ,14 ,18 ,25 ,City 13
23 ,23 ,21 ,9 ,9 ,24 ,9 ,14 ,15 ,24 ,6 ,6 ,10 ,99 ,19 ,20 ,10 ,16 ,11 ,8 ,City 14
11 ,21 ,16 ,16 ,18 ,20 ,15 ,12 ,12 ,21 ,25 ,22 ,24 ,19 ,99 ,16 ,9 ,15 ,20 ,13 ,City 15
25 ,6 ,20 ,20 ,24 ,18 ,23 ,21 ,9 ,11 ,6 ,11 ,6 ,20 ,16 ,99 ,19 ,21 ,25 ,17 ,City 16
5 ,19 ,17 ,22 ,11 ,21 ,8 ,5 ,23 ,15 ,15 ,9 ,16 ,10 ,9 ,19 ,99 ,10 ,8 ,15 ,City 17
15 ,23 ,11 ,17 ,7 ,22 ,23 ,13 ,19 ,21 ,18 ,5 ,14 ,16 ,15 ,21 ,10 ,99 ,9 ,13 ,City 18
24 ,22 ,22 ,11 ,7 ,6 ,7 ,19 ,6 ,23 ,22 ,19 ,18 ,11 ,20 ,25 ,8 ,9 ,99 ,17 ,City 19
9 ,16 ,23 ,20 ,12 ,12 ,6 ,8 ,12 ,7 ,8 ,14 ,25 ,8 ,13 ,17 ,15 ,13 ,17 ,99 ,City 20
Root
 1,  2,  4,  3, 11, 14, 12, 18,  5,  8, 13, 16,  9, 19,  6, 20,  7, 17, 15, 10,  1
Total,   157

Root
 1,  3,  4,  2,  5,  8, 13, 16, 11, 14, 12, 18, 19,  6,  9, 10, 20,  7, 17, 15,  1
Total,   148

Root
 1,  4,  3, 11, 14, 12, 18,  5,  8, 13, 16,  2,  6, 19,  9, 10, 20,  7, 17, 15,  1
Total,   148

Root
 1,  5,  8, 13, 16,  2,  4,  3, 11, 14, 12, 18, 19,  6,  9, 10, 20,  7, 17, 15,  1
Total,   150

Root
 1,  6,  2,  4,  3, 11, 14, 12, 18,  5,  8, 13, 16,  9, 19,  7, 20, 10, 17, 15,  1
Total,   158

Root
 1,  7, 20, 10,  9,  5,  8, 13, 16,  2,  4,  3, 11, 14, 12, 18, 19,  6, 15, 17,  1
Total,   157

Root
 1,  8,  5,  2,  4,  3, 11, 14, 12, 18, 19,  6,  9, 10, 20,  7, 17, 15, 16, 13,  1
Total,   156

Root
 1,  9,  5,  8, 13, 16,  2,  4,  3, 11, 14, 12, 18, 19,  6, 20,  7, 17, 15, 10,  1
Total,   174

Root
 1, 10,  9,  5,  8, 13, 16,  2,  4,  3, 11, 14, 12, 18, 19,  6, 20,  7, 17, 15,  1
Total,   148

Root
 1, 11, 14, 12, 18,  5,  8, 13, 16,  2,  4,  3, 10,  9, 19,  6, 20,  7, 17, 15,  1
Total,   145

Root
 1, 12, 18,  5,  8, 13, 16,  2,  4,  3, 11, 14, 20,  7, 19,  6,  9, 10, 17, 15,  1
Total,   154

Root
 1, 13,  8,  5,  2,  4,  3, 11, 14, 12, 18, 19,  6,  9, 10, 20,  7, 17, 15, 16,  1
Total,   163

Root
 1, 14, 11, 16,  2,  4,  3, 10,  9,  5,  8, 13, 12, 18, 19,  6, 20,  7, 17, 15,  1
Total,   158

Root
 1, 15, 17,  8,  5,  2,  4,  3, 11, 14, 12, 18, 19,  6,  9, 10, 20,  7, 16, 13,  1
Total,   154

Root
 1, 16,  2,  4,  3, 11, 14, 12, 18,  5,  8, 13, 17,  7, 20, 10,  9, 19,  6, 15,  1
Total,   172

Root
 1, 17,  8,  5,  2,  4,  3, 11, 14, 12, 18, 19,  6,  9, 10, 20,  7, 15, 16, 13,  1
Total,   147

Root
 1, 18, 12,  5,  8, 13, 16,  2,  4,  3, 11, 14, 20,  7, 19,  6,  9, 10, 17, 15,  1
Total,   150

Root
 1, 19,  6,  2,  4,  3, 11, 14, 12, 18,  5,  8, 13, 16,  9, 10, 20,  7, 17, 15,  1
Total,   153

Root
 1, 20,  7, 19,  6,  2,  4,  3, 11, 14, 12, 18,  5,  8, 13, 16,  9, 10, 17, 15,  1
Total,   145

Shortest path
 1, 11, 14, 12, 18,  5,  8, 13, 16,  2,  4,  3, 10,  9, 19,  6, 20,  7, 17, 15,  1
Total,   145

Time,    0.034

randam, 105
random, 105
Numcity, 105
Numcity, 105
City Distance
99 ,8 ,19 ,15 ,11 ,25 ,22 ,21 ,14 ,13 ,18 ,17 ,12 ,7 ,22 ,20 ,10 ,8 ,11 ,13 ,City 1
8 ,99 ,22 ,11 ,10 ,6 ,23 ,24 ,17 ,20 ,11 ,20 ,10 ,21 ,11 ,14 ,13 ,21 ,20 ,14 ,City 2
19 ,22 ,99 ,7 ,16 ,22 ,14 ,14 ,9 ,24 ,9 ,25 ,22 ,23 ,19 ,15 ,23 ,15 ,14 ,9 ,City 3
15 ,11 ,7 ,99 ,21 ,12 ,6 ,25 ,5 ,6 ,10 ,16 ,20 ,14 ,9 ,8 ,21 ,24 ,6 ,25 ,City 4
11 ,10 ,16 ,21 ,99 ,7 ,9 ,11 ,7 ,16 ,21 ,15 ,11 ,5 ,10 ,19 ,11 ,8 ,6 ,19 ,City 5
25 ,6 ,22 ,12 ,7 ,99 ,8 ,8 ,21 ,22 ,20 ,13 ,11 ,13 ,21 ,5 ,17 ,18 ,21 ,21 ,City 6
22 ,23 ,14 ,6 ,9 ,8 ,99 ,23 ,19 ,13 ,24 ,23 ,24 ,25 ,11 ,14 ,14 ,12 ,23 ,15 ,City 7
21 ,24 ,14 ,25 ,11 ,8 ,23 ,99 ,9 ,5 ,21 ,15 ,18 ,20 ,11 ,23 ,20 ,15 ,14 ,21 ,City 8
14 ,17 ,9 ,5 ,7 ,21 ,19 ,9 ,99 ,8 ,11 ,10 ,21 ,12 ,7 ,6 ,6 ,16 ,5 ,24 ,City 9
13 ,20 ,24 ,6 ,16 ,22 ,13 ,5 ,8 ,99 ,17 ,25 ,22 ,21 ,14 ,5 ,24 ,11 ,10 ,7 ,City 10
18 ,11 ,9 ,10 ,21 ,20 ,24 ,21 ,11 ,17 ,99 ,20 ,22 ,8 ,16 ,8 ,16 ,10 ,20 ,25 ,City 11
17 ,20 ,25 ,16 ,15 ,13 ,23 ,15 ,10 ,25 ,20 ,99 ,18 ,22 ,12 ,25 ,7 ,24 ,16 ,12 ,City 12
12 ,10 ,22 ,20 ,11 ,11 ,24 ,18 ,21 ,22 ,22 ,18 ,99 ,10 ,9 ,5 ,6 ,6 ,24 ,16 ,City 13
7 ,21 ,23 ,14 ,5 ,13 ,25 ,20 ,12 ,21 ,8 ,22 ,10 ,99 ,23 ,21 ,14 ,8 ,13 ,16 ,City 14
22 ,11 ,19 ,9 ,10 ,21 ,11 ,11 ,7 ,14 ,16 ,12 ,9 ,23 ,99 ,20 ,25 ,6 ,21 ,8 ,City 15
20 ,14 ,15 ,8 ,19 ,5 ,14 ,23 ,6 ,5 ,8 ,25 ,5 ,21 ,20 ,99 ,13 ,8 ,23 ,12 ,City 16
10 ,13 ,23 ,21 ,11 ,17 ,14 ,20 ,6 ,24 ,16 ,7 ,6 ,14 ,25 ,13 ,99 ,14 ,24 ,11 ,City 17
8 ,21 ,15 ,24 ,8 ,18 ,12 ,15 ,16 ,11 ,10 ,24 ,6 ,8 ,6 ,8 ,14 ,99 ,13 ,20 ,City 18
11 ,20 ,14 ,6 ,6 ,21 ,23 ,14 ,5 ,10 ,20 ,16 ,24 ,13 ,21 ,23 ,24 ,13 ,99 ,17 ,City 19
13 ,14 ,9 ,25 ,19 ,21 ,15 ,21 ,24 ,7 ,25 ,12 ,16 ,16 ,8 ,12 ,11 ,20 ,17 ,99 ,City 20
Root
 1,  2,  6, 16, 10,  8,  9,  4,  7,  5, 14, 11,  3, 20, 15, 18, 13, 17, 12, 19,  1
Total,   149

Root
 1,  3,  4,  9, 19,  5, 14, 11, 16,  6,  2, 13, 17, 12, 15, 18, 10,  8, 20,  7,  1
Total,   189

Root
 1,  4,  9, 19,  5, 14, 11, 16,  6,  2, 13, 17, 12, 15, 18, 10,  8,  3, 20,  7,  1
Total,   180

Root
 1,  5, 14, 11, 16,  6,  2, 13, 17,  9,  4,  7, 15, 18, 10,  8,  3, 20, 12, 19,  1
Total,   171

Root
 1,  6, 16, 10,  8,  9,  4,  7,  5, 14, 11,  3, 20, 15, 18, 13, 17, 12, 19,  2,  1
Total,   177

Root
 1,  7,  4,  9, 19,  5, 14, 11, 16,  6,  2, 13, 17, 12, 15, 18, 10,  8,  3, 20,  1
Total,   169

Root
 1,  8, 10, 16,  6,  2,  5, 14, 11,  3,  4,  9, 19, 18, 13, 17, 12, 15, 20,  7,  1
Total,   180

Root
 1,  9,  4,  7,  6, 16, 10,  8,  5, 14, 11,  3, 20, 15, 18, 13, 17, 12, 19,  2,  1
Total,   167

Root
 1, 10,  8,  6, 16, 13, 17,  9,  4,  7,  5, 14, 11,  3, 20, 15, 18, 19, 12,  2,  1
Total,   170

Root
 1, 11, 14,  5, 19,  9,  4,  7,  6, 16, 10,  8, 15, 18, 13, 17, 12, 20,  3,  2,  1
Total,   163

Root
 1, 12, 17,  9,  4,  7,  6, 16, 10,  8,  5, 14, 11,  3, 20, 15, 18, 13,  2, 19,  1
Total,   167

Root
 1, 13, 16,  6,  2,  5, 14, 11,  3,  4,  9, 19, 10,  8, 15, 18,  7, 17, 12, 20,  1
Total,   167

Root
 1, 14,  5, 19,  9,  4,  7,  6, 16, 10,  8, 15, 18, 13, 17, 12, 20,  3, 11,  2,  1
Total,   142

Root
 1, 15, 18, 13, 16,  6,  2,  5, 14, 11,  3,  4,  9, 19, 10,  8, 12, 17, 20,  7,  1
Total,   184

Root
 1, 16,  6,  2,  5, 14, 11,  3,  4,  9, 19, 10,  8, 15, 18, 13, 17, 12, 20,  7,  1
Total,   180

Root
 1, 17,  9,  4,  7,  6, 16, 10,  8,  5, 14, 11,  3, 20, 15, 18, 13,  2, 12, 19,  1
Total,   169

Root
 1, 18, 13, 16,  6,  2,  5, 14, 11,  3,  4,  9, 19, 10,  8, 15, 20, 17, 12,  7,  1
Total,   176

Root
 1, 19,  9,  4,  7,  6, 16, 10,  8,  5, 14, 11,  3, 20, 15, 18, 13, 17, 12,  2,  1
Total,   153

Root
 1, 20, 10,  8,  6, 16, 13, 17,  9,  4,  7,  5, 14, 11,  3, 19, 18, 15,  2, 12,  1
Total,   178

Shortest path
 1, 14,  5, 19,  9,  4,  7,  6, 16, 10,  8, 15, 18, 13, 17, 12, 20,  3, 11,  2,  1
Total,   142

Time,    0.034

randam, 106
random, 106
Numcity, 106
Numcity, 106
City Distance
99 ,11 ,7 ,21 ,8 ,8 ,14 ,5 ,6 ,19 ,23 ,16 ,6 ,25 ,20 ,7 ,23 ,22 ,12 ,9 ,City 1
11 ,99 ,19 ,23 ,6 ,19 ,23 ,11 ,9 ,14 ,15 ,17 ,25 ,19 ,13 ,14 ,20 ,6 ,19 ,12 ,City 2
7 ,19 ,99 ,17 ,17 ,11 ,25 ,21 ,22 ,18 ,16 ,23 ,11 ,17 ,21 ,23 ,20 ,19 ,20 ,25 ,City 3
21 ,23 ,17 ,99 ,17 ,25 ,13 ,8 ,16 ,8 ,5 ,24 ,7 ,18 ,10 ,9 ,12 ,18 ,14 ,22 ,City 4
8 ,6 ,17 ,17 ,99 ,20 ,17 ,25 ,8 ,13 ,17 ,10 ,20 ,21 ,10 ,6 ,11 ,22 ,5 ,14 ,City 5
8 ,19 ,11 ,25 ,20 ,99 ,18 ,7 ,7 ,9 ,12 ,15 ,11 ,9 ,22 ,22 ,13 ,7 ,15 ,22 ,City 6
14 ,23 ,25 ,13 ,17 ,18 ,99 ,17 ,5 ,5 ,8 ,19 ,11 ,7 ,7 ,13 ,7 ,23 ,18 ,15 ,City 7
5 ,11 ,21 ,8 ,25 ,7 ,17 ,99 ,8 ,5 ,19 ,19 ,9 ,6 ,9 ,16 ,13 ,25 ,8 ,14 ,City 8
6 ,9 ,22 ,16 ,8 ,7 ,5 ,8 ,99 ,9 ,21 ,13 ,9 ,9 ,11 ,15 ,18 ,20 ,12 ,7 ,City 9
19 ,14 ,18 ,8 ,13 ,9 ,5 ,5 ,9 ,99 ,14 ,22 ,17 ,6 ,20 ,20 ,12 ,23 ,5 ,15 ,City 10
23 ,15 ,16 ,5 ,17 ,12 ,8 ,19 ,21 ,14 ,99 ,21 ,23 ,23 ,20 ,10 ,17 ,10 ,25 ,8 ,City 11
16 ,17 ,23 ,24 ,10 ,15 ,19 ,19 ,13 ,22 ,21 ,99 ,7 ,25 ,9 ,9 ,17 ,15 ,14 ,9 ,City 12
6 ,25 ,11 ,7 ,20 ,11 ,11 ,9 ,9 ,17 ,23 ,7 ,99 ,10 ,14 ,25 ,9 ,6 ,21 ,6 ,City 13
25 ,19 ,17 ,18 ,21 ,9 ,7 ,6 ,9 ,6 ,23 ,25 ,10 ,99 ,19 ,14 ,18 ,13 ,15 ,23 ,City 14
20 ,13 ,21 ,10 ,10 ,22 ,7 ,9 ,11 ,20 ,20 ,9 ,14 ,19 ,99 ,25 ,6 ,18 ,9 ,24 ,City 15
7 ,14 ,23 ,9 ,6 ,22 ,13 ,16 ,15 ,20 ,10 ,9 ,25 ,14 ,25 ,99 ,7 ,9 ,9 ,19 ,City 16
23 ,20 ,20 ,12 ,11 ,13 ,7 ,13 ,18 ,12 ,17 ,17 ,9 ,18 ,6 ,7 ,99 ,18 ,10 ,16 ,City 17
22 ,6 ,19 ,18 ,22 ,7 ,23 ,25 ,20 ,23 ,10 ,15 ,6 ,13 ,18 ,9 ,18 ,99 ,9 ,6 ,City 18
12 ,19 ,20 ,14 ,5 ,15 ,18 ,8 ,12 ,5 ,25 ,14 ,21 ,15 ,9 ,9 ,10 ,9 ,99 ,17 ,City 19
9 ,12 ,25 ,22 ,14 ,22 ,15 ,14 ,7 ,15 ,8 ,9 ,6 ,23 ,24 ,19 ,16 ,6 ,17 ,99 ,City 20
Root
 1,  2,  5, 19, 10,  7,  9,  6,  8, 14, 13, 18, 20, 11,  4, 16, 17, 15, 12,  3,  1
Total,   153

Root
 1,  3,  6,  8, 10,  7,  9, 20, 13, 18,  2,  5, 19, 15, 17, 16,  4, 11, 12, 14,  1
Total,   183

Root
 1,  4, 11,  7,  9,  6,  8, 10, 19,  5,  2, 18, 13, 20, 12, 15, 17, 16, 14,  3,  1
Total,   161

Root
 1,  5, 19, 10,  7,  9,  6,  8, 14, 13, 18,  2, 20, 11,  4, 16, 17, 15, 12,  3,  1
Total,   156

Root
 1,  6,  8, 10,  7,  9, 20, 13, 18,  2,  5, 19, 15, 17, 16,  4, 11,  3, 14, 12,  1
Total,   176

Root
 1,  7,  9,  6,  8, 10, 19,  5,  2, 18, 13, 20, 11,  4, 16, 17, 15, 12,  3, 14,  1
Total,   181

Root
 1,  8, 10,  7,  9,  6, 18,  2,  5, 19, 15, 17, 16,  4, 11, 20, 13, 12,  3, 14,  1
Total,   173

Root
 1,  9,  7, 10,  8, 14,  6, 18,  2,  5, 19, 15, 17, 16,  4, 11, 20, 13, 12,  3,  1
Total,   147

Root
 1, 10,  7,  9,  6,  8, 14, 13, 18,  2,  5, 19, 15, 17, 16,  4, 11, 20, 12,  3,  1
Total,   165

Root
 1, 11,  4, 13, 18,  2,  5, 19, 10,  7,  9,  6,  8, 14, 16, 17, 15, 12, 20,  3,  1
Total,   170

Root
 1, 12, 13, 18,  2,  5, 19, 10,  7,  9,  6,  8, 14, 16, 17, 15,  4, 11, 20,  3,  1
Total,   163

Root
 1, 13, 18,  2,  5, 19, 10,  7,  9,  6,  8, 14, 16, 17, 15, 12, 20, 11,  4,  3,  1
Total,   146

Root
 1, 14,  8, 10,  7,  9,  6, 18,  2,  5, 19, 15, 17, 16,  4, 11, 20, 13, 12,  3,  1
Total,   164

Root
 1, 15, 17,  7,  9,  6,  8, 10, 19,  5,  2, 18, 13, 20, 11,  4, 16, 12,  3, 14,  1
Total,   187

Root
 1, 16,  5, 19, 10,  7,  9,  6,  8, 14, 13, 18,  2, 20, 11,  4, 15, 17, 12,  3,  1
Total,   163

Root
 1, 17, 15,  7,  9,  6,  8, 10, 19,  5,  2, 18, 13, 20, 11,  4, 16, 12,  3, 14,  1
Total,   190

Root
 1, 18,  2,  5, 19, 10,  7,  9,  6,  8, 14, 13, 20, 11,  4, 16, 17, 15, 12,  3,  1
Total,   164

Root
 1, 19,  5,  2, 18, 13, 20,  9,  7, 10,  8, 14,  6,  3, 11,  4, 16, 17, 15, 12,  1
Total,   157

Root
 1, 20, 13, 18,  2,  5, 19, 10,  7,  9,  6,  8, 14, 16, 17, 15, 12, 11,  4,  3,  1
Total,   159

Shortest path
 1, 13, 18,  2,  5, 19, 10,  7,  9,  6,  8, 14, 16, 17, 15, 12, 20, 11,  4,  3,  1
Total,   146

Time,    0.037

randam, 107
random, 107
Numcity, 107
Numcity, 107
City Distance
99 ,15 ,25 ,14 ,18 ,11 ,14 ,9 ,19 ,16 ,15 ,15 ,8 ,22 ,11 ,16 ,7 ,23 ,20 ,13 ,City 1
15 ,99 ,15 ,15 ,10 ,19 ,24 ,11 ,13 ,21 ,6 ,14 ,11 ,17 ,16 ,22 ,6 ,25 ,18 ,10 ,City 2
25 ,15 ,99 ,20 ,18 ,8 ,14 ,19 ,14 ,25 ,15 ,8 ,22 ,19 ,11 ,10 ,25 ,23 ,12 ,11 ,City 3
14 ,15 ,20 ,99 ,13 ,17 ,19 ,12 ,6 ,22 ,13 ,10 ,15 ,23 ,11 ,10 ,12 ,25 ,10 ,19 ,City 4
18 ,10 ,18 ,13 ,99 ,5 ,24 ,18 ,17 ,23 ,13 ,18 ,21 ,16 ,23 ,22 ,24 ,23 ,24 ,21 ,City 5
11 ,19 ,8 ,17 ,5 ,99 ,21 ,7 ,22 ,18 ,17 ,24 ,11 ,6 ,22 ,9 ,22 ,24 ,18 ,22 ,City 6
14 ,24 ,14 ,19 ,24 ,21 ,99 ,11 ,19 ,18 ,5 ,14 ,18 ,23 ,24 ,13 ,13 ,13 ,13 ,23 ,City 7
9 ,11 ,19 ,12 ,18 ,7 ,11 ,99 ,7 ,17 ,10 ,16 ,22 ,12 ,15 ,18 ,7 ,14 ,23 ,6 ,City 8
19 ,13 ,14 ,6 ,17 ,22 ,19 ,7 ,99 ,24 ,10 ,16 ,6 ,6 ,15 ,11 ,9 ,17 ,19 ,19 ,City 9
16 ,21 ,25 ,22 ,23 ,18 ,18 ,17 ,24 ,99 ,10 ,18 ,21 ,24 ,13 ,15 ,21 ,21 ,13 ,15 ,City 10
15 ,6 ,15 ,13 ,13 ,17 ,5 ,10 ,10 ,10 ,99 ,9 ,23 ,25 ,11 ,12 ,18 ,10 ,22 ,11 ,City 11
15 ,14 ,8 ,10 ,18 ,24 ,14 ,16 ,16 ,18 ,9 ,99 ,17 ,20 ,20 ,14 ,15 ,13 ,24 ,20 ,City 12
8 ,11 ,22 ,15 ,21 ,11 ,18 ,22 ,6 ,21 ,23 ,17 ,99 ,10 ,6 ,11 ,19 ,19 ,6 ,18 ,City 13
22 ,17 ,19 ,23 ,16 ,6 ,23 ,12 ,6 ,24 ,25 ,20 ,10 ,99 ,24 ,15 ,22 ,17 ,16 ,10 ,City 14
11 ,16 ,11 ,11 ,23 ,22 ,24 ,15 ,15 ,13 ,11 ,20 ,6 ,24 ,99 ,9 ,22 ,9 ,10 ,11 ,City 15
16 ,22 ,10 ,10 ,22 ,9 ,13 ,18 ,11 ,15 ,12 ,14 ,11 ,15 ,9 ,99 ,22 ,9 ,7 ,5 ,City 16
7 ,6 ,25 ,12 ,24 ,22 ,13 ,7 ,9 ,21 ,18 ,15 ,19 ,22 ,22 ,22 ,99 ,22 ,18 ,13 ,City 17
23 ,25 ,23 ,25 ,23 ,24 ,13 ,14 ,17 ,21 ,10 ,13 ,19 ,17 ,9 ,9 ,22 ,99 ,13 ,21 ,City 18
20 ,18 ,12 ,10 ,24 ,18 ,13 ,23 ,19 ,13 ,22 ,24 ,6 ,16 ,10 ,7 ,18 ,13 ,99 ,17 ,City 19
13 ,10 ,11 ,19 ,21 ,22 ,23 ,6 ,19 ,15 ,11 ,20 ,18 ,10 ,11 ,5 ,13 ,21 ,17 ,99 ,City 20
Root
 1,  2, 11,  7,  8, 20, 16, 19, 13,  9,  4, 12,  3,  6,  5, 14, 18, 15, 10, 17,  1
Total,   187

Root
 1,  3,  6,  5,  2, 11,  7,  8, 20, 16, 19, 13,  9,  4, 12, 18, 15, 10, 17, 14,  1
Total,   216

Root
 1,  4,  9, 13, 15, 16, 20,  8,  6,  5,  2, 11,  7, 17, 12,  3, 19, 10, 18, 14,  1
Total,   206

Root
 1,  5,  6, 14,  9,  4, 12,  3, 16, 20,  8, 17,  2, 11,  7, 18, 15, 13, 19, 10,  1
Total,   167

Root
 1,  6,  5,  2, 11,  7,  8, 20, 16, 19, 13,  9,  4, 12,  3, 15, 18, 14, 17, 10,  1
Total,   198

Root
 1,  7, 11,  2, 17,  8, 20, 16, 19, 13,  9,  4, 12,  3,  6,  5, 14, 18, 15, 10,  1
Total,   176

Root
 1,  8, 20, 16, 19, 13,  9,  4, 12,  3,  6,  5,  2, 11,  7, 17, 10, 15, 18, 14,  1
Total,   192

Root
 1,  9,  4, 12,  3,  6,  5,  2, 11,  7,  8, 20, 16, 19, 13, 15, 18, 14, 17, 10,  1
Total,   203

Root
 1, 10, 11,  7,  8, 20, 16, 19, 13,  9,  4, 12,  3,  6,  5,  2, 17, 14, 18, 15,  1
Total,   184

Root
 1, 11,  7,  8, 20, 16, 19, 13,  9,  4, 12,  3,  6,  5,  2, 17, 10, 15, 18, 14,  1
Total,   196

Root
 1, 12,  3,  6,  5,  2, 11,  7,  8, 20, 16, 19, 13,  9,  4, 15, 18, 14, 17, 10,  1
Total,   200

Root
 1, 13,  9,  4, 12,  3,  6,  5,  2, 11,  7,  8, 20, 16, 19, 15, 18, 14, 17, 10,  1
Total,   196

Root
 1, 14,  6,  5,  2, 11,  7,  8, 20, 16, 19, 13,  9,  4, 12,  3, 15, 18, 10, 17,  1
Total,   188

Root
 1, 15, 13,  9,  4, 12,  3,  6,  5,  2, 11,  7,  8, 20, 16, 19, 10, 17, 14, 18,  1
Total,   206

Root
 1, 16, 20,  8,  6,  5,  2, 11,  7, 17,  9,  4, 12,  3, 15, 13, 19, 10, 18, 14,  1
Total,   202

Root
 1, 17,  2, 11,  7,  8, 20, 16, 19, 13,  9,  4, 12,  3,  6,  5, 14, 18, 15, 10,  1
Total,   173

Root
 1, 18, 15, 13,  9,  4, 12,  3,  6,  5,  2, 11,  7,  8, 20, 16, 19, 10, 17, 14,  1
Total,   209

Root
 1, 19, 13,  9,  4, 12,  3,  6,  5,  2, 11,  7,  8, 20, 16, 15, 18, 14, 17, 10,  1
Total,   206

Root
 1, 20, 16, 19, 13,  9,  4, 12,  3,  6,  5,  2, 11,  7,  8, 17, 10, 15, 18, 14,  1
Total,   195

Shortest path
 1,  5,  6, 14,  9,  4, 12,  3, 16, 20,  8, 17,  2, 11,  7, 18, 15, 13, 19, 10,  1
Total,   167

Time,    0.034

randam, 108
random, 108
Numcity, 108
Numcity, 108
City Distance
99 ,18 ,21 ,20 ,8 ,7 ,14 ,14 ,11 ,22 ,20 ,14 ,11 ,19 ,9 ,11 ,21 ,16 ,20 ,16 ,City 1
18 ,99 ,20 ,19 ,14 ,11 ,25 ,19 ,5 ,6 ,9 ,24 ,18 ,15 ,6 ,9 ,13 ,10 ,16 ,7 ,City 2
21 ,20 ,99 ,9 ,19 ,5 ,25 ,18 ,19 ,19 ,15 ,6 ,24 ,21 ,13 ,5 ,22 ,6 ,17 ,6 ,City 3
20 ,19 ,9 ,99 ,9 ,9 ,5 ,15 ,17 ,24 ,21 ,5 ,23 ,7 ,25 ,19 ,24 ,19 ,18 ,16 ,City 4
8 ,14 ,19 ,9 ,99 ,19 ,24 ,24 ,17 ,19 ,9 ,13 ,8 ,11 ,23 ,17 ,24 ,24 ,23 ,7 ,City 5
7 ,11 ,5 ,9 ,19 ,99 ,10 ,6 ,15 ,19 ,9 ,5 ,24 ,23 ,23 ,25 ,18 ,12 ,12 ,23 ,City 6
14 ,25 ,25 ,5 ,24 ,10 ,99 ,5 ,5 ,18 ,10 ,10 ,5 ,5 ,20 ,25 ,6 ,24 ,8 ,24 ,City 7
14 ,19 ,18 ,15 ,24 ,6 ,5 ,99 ,5 ,9 ,8 ,21 ,13 ,19 ,13 ,20 ,22 ,16 ,18 ,19 ,City 8
11 ,5 ,19 ,17 ,17 ,15 ,5 ,5 ,99 ,25 ,20 ,18 ,15 ,24 ,11 ,20 ,21 ,14 ,18 ,10 ,City 9
22 ,6 ,19 ,24 ,19 ,19 ,18 ,9 ,25 ,99 ,20 ,15 ,24 ,9 ,5 ,9 ,9 ,11 ,8 ,23 ,City 10
20 ,9 ,15 ,21 ,9 ,9 ,10 ,8 ,20 ,20 ,99 ,10 ,24 ,5 ,16 ,6 ,19 ,22 ,7 ,7 ,City 11
14 ,24 ,6 ,5 ,13 ,5 ,10 ,21 ,18 ,15 ,10 ,99 ,7 ,23 ,18 ,6 ,12 ,11 ,22 ,17 ,City 12
11 ,18 ,24 ,23 ,8 ,24 ,5 ,13 ,15 ,24 ,24 ,7 ,99 ,11 ,11 ,10 ,22 ,11 ,25 ,8 ,City 13
19 ,15 ,21 ,7 ,11 ,23 ,5 ,19 ,24 ,9 ,5 ,23 ,11 ,99 ,7 ,9 ,25 ,9 ,18 ,18 ,City 14
9 ,6 ,13 ,25 ,23 ,23 ,20 ,13 ,11 ,5 ,16 ,18 ,11 ,7 ,99 ,22 ,16 ,13 ,19 ,6 ,City 15
11 ,9 ,5 ,19 ,17 ,25 ,25 ,20 ,20 ,9 ,6 ,6 ,10 ,9 ,22 ,99 ,16 ,17 ,13 ,20 ,City 16
21 ,13 ,22 ,24 ,24 ,18 ,6 ,22 ,21 ,9 ,19 ,12 ,22 ,25 ,16 ,16 ,99 ,5 ,13 ,18 ,City 17
16 ,10 ,6 ,19 ,24 ,12 ,24 ,16 ,14 ,11 ,22 ,11 ,11 ,9 ,13 ,17 ,5 ,99 ,17 ,7 ,City 18
20 ,16 ,17 ,18 ,23 ,12 ,8 ,18 ,18 ,8 ,7 ,22 ,25 ,18 ,19 ,13 ,13 ,17 ,99 ,17 ,City 19
16 ,7 ,6 ,16 ,7 ,23 ,24 ,19 ,10 ,23 ,7 ,17 ,8 ,18 ,6 ,20 ,18 ,7 ,17 ,99 ,City 20
Root
 1,  2,  9,  7,  4, 12,  6,  3, 16, 11, 14, 15, 10, 19, 17, 18, 20,  5, 13,  8,  1
Total,   151

Root
 1,  3,  6, 12,  4,  7,  8,  9,  2, 10, 15, 20,  5, 13, 16, 11, 14, 18, 17, 19,  1
Total,   156

Root
 1,  4,  7,  8,  9,  2, 10, 15, 20,  3,  6, 12, 16, 11, 14, 18, 17, 19,  5, 13,  1
Total,   159

Root
 1,  5, 20,  3,  6, 12,  4,  7,  8,  9,  2, 10, 15, 14, 11, 16, 13, 18, 17, 19,  1
Total,   144

Root
 1,  6,  3, 16, 11, 14,  7,  4, 12, 13,  5, 20, 15, 10,  2,  9,  8, 18, 17, 19,  1
Total,   146

Root
 1,  7,  4, 12,  6,  3, 16, 11, 14, 15, 10,  2,  9,  8, 13,  5, 20, 18, 17, 19,  1
Total,   151

Root
 1,  8,  7,  4, 12,  6,  3, 16, 11, 14, 15, 10,  2,  9, 20,  5, 13, 18, 17, 19,  1
Total,   152

Root
 1,  9,  2, 10, 15, 20,  3,  6, 12,  4,  7,  8, 11, 14, 16, 13,  5, 19, 17, 18,  1
Total,   161

Root
 1, 10, 15,  2,  9,  7,  4, 12,  6,  3, 16, 11, 14, 18, 17, 19, 20,  5, 13,  8,  1
Total,   165

Root
 1, 11, 14,  7,  4, 12,  6,  3, 16,  2,  9,  8, 10, 15, 20,  5, 13, 18, 17, 19,  1
Total,   158

Root
 1, 12,  4,  7,  8,  9,  2, 10, 15, 20,  3,  6, 11, 14, 16, 13,  5, 19, 17, 18,  1
Total,   165

Root
 1, 13,  7,  4, 12,  6,  3, 16, 11, 14, 15, 10,  2,  9,  8, 18, 17, 19, 20,  5,  1
Total,   146

Root
 1, 14,  7,  4, 12,  6,  3, 16, 11, 19, 10, 15,  2,  9,  8, 13,  5, 20, 18, 17,  1
Total,   152

Root
 1, 15, 10,  2,  9,  7,  4, 12,  6,  3, 16, 11, 14, 18, 17, 19, 20,  5, 13,  8,  1
Total,   152

Root
 1, 16,  3,  6, 12,  4,  7,  8,  9,  2, 10, 15, 20,  5, 13, 14, 11, 19, 17, 18,  1
Total,   140

Root
 1, 17, 18,  3,  6, 12,  4,  7,  8,  9,  2, 10, 15, 20,  5, 13, 16, 11, 14, 19,  1
Total,   158

Root
 1, 18, 17,  7,  4, 12,  6,  3, 16, 11, 14, 15, 10,  2,  9,  8, 13,  5, 20, 19,  1
Total,   156

Root
 1, 19, 11, 14,  7,  4, 12,  6,  3, 16,  2,  9,  8, 10, 15, 20,  5, 13, 18, 17,  1
Total,   153

Root
 1, 20,  3,  6, 12,  4,  7,  8,  9,  2, 10, 15, 14, 11, 16, 13,  5, 19, 17, 18,  1
Total,   161

Shortest path
 1, 16,  3,  6, 12,  4,  7,  8,  9,  2, 10, 15, 20,  5, 13, 14, 11, 19, 17, 18,  1
Total,   140

Time,    0.039

randam, 109
random, 109
Numcity, 109
Numcity, 109
City Distance
99 ,21 ,17 ,6 ,18 ,10 ,13 ,18 ,23 ,19 ,25 ,13 ,13 ,24 ,20 ,19 ,5 ,9 ,20 ,20 ,City 1
21 ,99 ,17 ,11 ,10 ,10 ,17 ,19 ,18 ,21 ,21 ,21 ,12 ,5 ,9 ,9 ,20 ,8 ,15 ,5 ,City 2
17 ,17 ,99 ,19 ,20 ,15 ,15 ,25 ,10 ,13 ,22 ,12 ,14 ,15 ,15 ,13 ,7 ,10 ,23 ,13 ,City 3
6 ,11 ,19 ,99 ,5 ,22 ,12 ,19 ,15 ,18 ,9 ,13 ,10 ,11 ,5 ,20 ,23 ,13 ,13 ,13 ,City 4
18 ,10 ,20 ,5 ,99 ,12 ,11 ,17 ,18 ,16 ,5 ,8 ,17 ,14 ,15 ,12 ,24 ,17 ,9 ,23 ,City 5
10 ,10 ,15 ,22 ,12 ,99 ,21 ,6 ,22 ,6 ,13 ,6 ,24 ,11 ,24 ,20 ,14 ,9 ,6 ,24 ,City 6
13 ,17 ,15 ,12 ,11 ,21 ,99 ,19 ,20 ,10 ,15 ,5 ,5 ,21 ,16 ,24 ,12 ,13 ,24 ,11 ,City 7
18 ,19 ,25 ,19 ,17 ,6 ,19 ,99 ,12 ,21 ,6 ,17 ,5 ,25 ,11 ,13 ,8 ,6 ,20 ,20 ,City 8
23 ,18 ,10 ,15 ,18 ,22 ,20 ,12 ,99 ,5 ,17 ,21 ,12 ,12 ,14 ,17 ,12 ,19 ,5 ,15 ,City 9
19 ,21 ,13 ,18 ,16 ,6 ,10 ,21 ,5 ,99 ,16 ,19 ,7 ,6 ,19 ,24 ,18 ,22 ,24 ,23 ,City 10
25 ,21 ,22 ,9 ,5 ,13 ,15 ,6 ,17 ,16 ,99 ,11 ,16 ,7 ,7 ,7 ,7 ,22 ,25 ,11 ,City 11
13 ,21 ,12 ,13 ,8 ,6 ,5 ,17 ,21 ,19 ,11 ,99 ,17 ,18 ,8 ,12 ,23 ,9 ,20 ,14 ,City 12
13 ,12 ,14 ,10 ,17 ,24 ,5 ,5 ,12 ,7 ,16 ,17 ,99 ,11 ,16 ,17 ,12 ,10 ,10 ,20 ,City 13
24 ,5 ,15 ,11 ,14 ,11 ,21 ,25 ,12 ,6 ,7 ,18 ,11 ,99 ,24 ,10 ,8 ,14 ,19 ,25 ,City 14
20 ,9 ,15 ,5 ,15 ,24 ,16 ,11 ,14 ,19 ,7 ,8 ,16 ,24 ,99 ,6 ,19 ,24 ,20 ,23 ,City 15
19 ,9 ,13 ,20 ,12 ,20 ,24 ,13 ,17 ,24 ,7 ,12 ,17 ,10 ,6 ,99 ,10 ,18 ,11 ,7 ,City 16
5 ,20 ,7 ,23 ,24 ,14 ,12 ,8 ,12 ,18 ,7 ,23 ,12 ,8 ,19 ,10 ,99 ,9 ,20 ,15 ,City 17
9 ,8 ,10 ,13 ,17 ,9 ,13 ,6 ,19 ,22 ,22 ,9 ,10 ,14 ,24 ,18 ,9 ,99 ,13 ,22 ,City 18
20 ,15 ,23 ,13 ,9 ,6 ,24 ,20 ,5 ,24 ,25 ,20 ,10 ,19 ,20 ,11 ,20 ,13 ,99 ,17 ,City 19
20 ,5 ,13 ,13 ,23 ,24 ,11 ,20 ,15 ,23 ,11 ,14 ,20 ,25 ,23 ,7 ,15 ,22 ,17 ,99 ,City 20
Root
 1,  2, 14, 10,  9, 19,  6,  8, 13,  7, 12,  5,  4, 15, 16, 11, 17,  3, 18, 20,  1
Total,   166

Root
 1,  3, 17, 11,  5,  4, 15, 16, 20,  2, 14, 10,  9, 19,  6,  8, 13,  7, 12, 18,  1
Total,   130

Root
 1,  4,  5, 11,  8, 13,  7, 12,  6, 10,  9, 19, 16, 15,  2, 14, 17,  3, 18, 20,  1
Total,   157

Root
 1,  5,  4, 15, 16, 11,  8, 13,  7, 12,  6, 10,  9, 19, 18,  2, 14, 17,  3, 20,  1
Total,   158

Root
 1,  6,  8, 13,  7, 12,  5,  4, 15, 16, 11, 14,  2, 20,  3, 17, 18, 19,  9, 10,  1
Total,   150

Root
 1,  7, 12,  6,  8, 13, 10,  9, 19,  5,  4, 15, 16, 11, 14,  2, 20,  3, 17, 18,  1
Total,   139

Root
 1,  8, 13,  7, 12,  6, 10,  9, 19,  5,  4, 15, 16, 11, 14,  2, 20,  3, 17, 18,  1
Total,   142

Root
 1,  9, 10,  6,  8, 13,  7, 12,  5,  4, 15, 16, 11, 14,  2, 20,  3, 17, 18, 19,  1
Total,   165

Root
 1, 10,  9, 19,  6,  8, 13,  7, 12,  5,  4, 15, 16, 11, 14,  2, 20,  3, 17, 18,  1
Total,   142

Root
 1, 11,  5,  4, 15, 16, 20,  2, 14, 10,  9, 19,  6,  8, 13,  7, 12, 18, 17,  3,  1
Total,   148

Root
 1, 12,  7, 13,  8,  6, 10,  9, 19,  5,  4, 15, 16, 11, 14,  2, 20,  3, 17, 18,  1
Total,   137

Root
 1, 13,  7, 12,  6,  8, 11,  5,  4, 15, 16, 20,  2, 14, 10,  9, 19, 18, 17,  3,  1
Total,   141

Root
 1, 14,  2, 20, 16, 15,  4,  5, 11,  8, 13,  7, 12,  6, 10,  9, 19, 18, 17,  3,  1
Total,   151

Root
 1, 15,  4,  5, 11,  8, 13,  7, 12,  6, 10,  9, 19, 16, 20,  2, 14, 17,  3, 18,  1
Total,   140

Root
 1, 16, 15,  4,  5, 11,  8, 13,  7, 12,  6, 10,  9, 19, 18,  2, 14, 17,  3, 20,  1
Total,   157

Root
 1, 17,  3,  9, 10,  6,  8, 13,  7, 12,  5,  4, 15, 16, 11, 14,  2, 20, 19, 18,  1
Total,   141

Root
 1, 18,  8, 13,  7, 12,  6, 10,  9, 19,  5,  4, 15, 16, 11, 14,  2, 20,  3, 17,  1
Total,   126

Root
 1, 19,  9, 10,  6,  8, 13,  7, 12,  5,  4, 15, 16, 11, 14,  2, 20,  3, 17, 18,  1
Total,   143

Root
 1, 20,  2, 14, 10,  9, 19,  6,  8, 13,  7, 12,  5,  4, 15, 16, 11, 17,  3, 18,  1
Total,   137

Shortest path
 1, 18,  8, 13,  7, 12,  6, 10,  9, 19,  5,  4, 15, 16, 11, 14,  2, 20,  3, 17,  1
Total,   126

Time,    0.037

